session,pass,label,wav_path,file,duration_s,f0_mean_hz,f0_median_hz,f0_sd_hz,f0_p10_hz,f0_p90_hz,f0_span_st,f0_floor_used,f0_ceiling_used,f0_n_frames,f0_window_s,f0_time_step_s,f0_octave_jump_cost,f0_shs_anchor_hz,f0_anchor_confidence,f0_octave_jump_rate,f0_frames_repaired,f0_frames_repaired_shs,f0_pct_voiced,f0_quality_flag,hnr_db,jitter_local_pct,shimmer_local_pct,shimmer_local_db,cpps_db,formant_ceiling_hz,formant_smoothness,f1_median_hz,f2_median_hz,f3_median_hz,formant_n_plausible_ceilings,formant_flag,shr_mean,shr_median,shr_p90,shr_doubling_rate,shr_octave_risk_rate,shr_n_frames,creak_sonorant_restricted,creak_low_f0_hz,creak_f0_irregularity_pct,creak_hnr_db,creak_period_doubling_shr,creak_doubling_rate,creak_subtype_hint,h1_h2_db,h1s_h2s_db,h1_a3_db,creak_f0_median_hz,creak_f0_p10_hz,creak_f0_p90_hz,creak_f0_pct_voiced,creak_shr_median,creak_shr_mean,rms_level
s01,A_modal,carrier,data/calibration/s01_passA_modal_carrier.wav,s01_passA_modal_carrier.wav,2.566625,103.72502091182271,101.57776918977422,14.288533836666934,87.6000364198762,125.53843387611016,6.2295088969922805,70.43554797031459,166.74463890257803,120,0.04259212977606655,0.010648032444016638,0.8,101.82554756176076,0.9743388443825104,0.0,0,0,50.42016806722689,,7.944158181596833,2.0675265928697337,13.323887281070121,1.2407196068243624,7.989502024358978,4250.0,0.14781390494773175,468.9278476149566,1310.4963180365671,2321.2217785423218,13,,0.2962736244506299,0.18145085861806737,0.7002762685792817,0.34375,0.2734375,128,False,87.6000364198762,2.0675265928697337,7.944158181596833,0.18145085861806737,0.34375,,nan,nan,nan,nan,nan,nan,nan,nan,nan,0.040578954566559744
s01,A_modal,creak_cal,data/calibration/s01_passA_modal_creak_cal.wav,s01_passA_modal_creak_cal.wav,3.4101458333333334,589.4737879247746,662.4212206971442,207.7428197900625,47.90214028398513,681.0470768338114,45.955110050428445,40.0,750.0,151,0.075,0.01875,0.8,232.02515432830975,0.4,0.02666666666666667,9,0,84.8314606741573,anchor_unreliable;period_doubling_unresolved;period_doubling_present,2.903618092954855,7.181670031253495,22.244237130383354,1.903073459800685,9.067363519042553,4500.0,0.02159228764257344,702.1843342595066,1187.4920754285763,2569.3702828999267,13,,0.4916518599362977,0.4440224045764121,0.7415937320156719,0.9704797047970479,0.8450184501845018,271,False,47.90214028398513,7.181670031253495,2.903618092954855,0.4440224045764121,0.9704797047970479,multiply_pulsed;irregular_f0,-5.323664368282994,-5.473837781709676,-13.396676234348934,45.46326258110047,41.2695239435587,85.36427101135955,21.910112359550563,0.5179078737777087,0.6500707029260879,0.03382928751023206
s01,A_modal,glide,data/calibration/s01_passA_modal_glide.wav,s01_passA_modal_glide.wav,2.5801458333333334,185.92393336379942,174.56365361698636,51.646166907342604,125.22527245003897,271.21284731882736,13.378797239237588,79.41577324903758,340.04995681461776,219,0.07555174185844388,0.009443967732305485,0.35,168.5111335024111,0.9598003898780444,0.0,0,0,82.33082706766918,,12.771676006505652,0.3927629679659152,4.766922683785644,0.4338086498948286,14.428424731214333,5000.0,0.046153895839644,614.8891653525769,1238.6779692520804,2598.5554224156203,13,,0.05394187326405452,0.04348629497017152,0.07150104454346834,0.009523809523809525,0.004761904761904762,210,False,125.22527245003897,0.3927629679659152,12.771676006505652,0.04348629497017152,0.009523809523809525,,nan,nan,nan,nan,nan,nan,nan,nan,nan,0.05088532992246695
s01,A_modal,roomtone,data/calibration/s01_passA_modal_roomtone.wav,s01_passA_modal_roomtone.wav,5.011208333333333,60.252954649256495,59.39146322548402,4.500108325008674,53.84241804720075,66.3711939888844,3.621768306067575,40.0,94.06774179027478,31,0.15,0.01875,0.35,59.395759259900444,0.4555392251268676,0.0,0,0,11.923076923076923,anchor_unreliable;low_voicing;period_doubling_range_extended;period_doubling_present,1.0760119830935633,7.701102628484131,16.45223027282416,1.6944534636407838,3.6879784472309285,6000.0,0.06204371642482769,1105.5209117416575,2350.907755570504,3127.8966440269714,13,,0.5454589291968298,0.548030977218576,0.6549619120278812,1.0,0.9642857142857143,84,False,53.84241804720075,7.701102628484131,1.0760119830935633,0.548030977218576,1.0,multiply_pulsed;irregular_f0,nan,nan,nan,nan,nan,nan,nan,nan,nan,0.0010963277154881787
s01,A_modal,sustained_a,data/calibration/s01_passA_modal_sustained_a.wav,s01_passA_modal_sustained_a.wav,3.0087916666666668,121.46779069767284,121.50953323318572,1.174614144467304,120.16265062270138,122.92414726004743,0.3933576582848621,90.43687570398053,183.4845026459031,359,0.033172309156495515,0.008293077289123879,0.35,121.4867278869788,0.9770210805471853,0.0,0,0,100.0,,15.942911110685456,0.49259787529401555,5.665931445115757,0.5452892127965524,16.917719127962922,4750.0,0.03690039014873184,742.2225004098689,1306.7405031254941,2635.9337230508463,13,,0.04081798035737676,0.03423165794723551,0.06066631292635282,0.00684931506849315,0.0,292,False,120.16265062270138,0.49259787529401555,15.942911110685456,0.03423165794723551,0.00684931506849315,,nan,nan,nan,nan,nan,nan,nan,nan,nan,0.03294087411777433
s01,B_natural,carrier,data/calibration/s01_passB_natural_carrier.wav,s01_passB_natural_carrier.wav,2.0574583333333334,134.05594224266918,136.25785704274756,8.919608151906058,124.1199017507841,140.95136329838627,2.2015556628509803,97.18280158789801,207.26404823612245,86,0.06173931911783009,0.007717414889728761,0.35,135.0893294110142,0.8526952753529061,0.0,0,0,33.204633204633204,,6.729904015964079,2.4384264430363447,13.910231902507745,1.384417719033163,7.332146692478593,5250.0,0.12645772600328978,902.839670279742,2125.3211753097844,2698.979149007604,13,,0.29589330639643974,0.18821847595976438,0.701136849801686,0.41333333333333333,0.30666666666666664,75,False,124.1199017507841,2.4384264430363447,6.729904015964079,0.18821847595976438,0.41333333333333333,,nan,nan,nan,nan,nan,nan,nan,nan,nan,0.0390247690640119
s01,B_natural,creak_cal,data/calibration/s01_passB_natural_creak_cal.wav,s01_passB_natural_creak_cal.wav,4.2329791666666665,650.9958054049856,651.7898123270041,12.71214933777765,638.356698925135,664.0322115208756,0.6826851969460315,40.0,750.0,188,0.075,0.01875,0.8,,0.0,0.0,0,0,84.68468468468468,no_anchor;period_doubling_unresolved;period_doubling_present,2.6212668390738316,7.001188586461026,25.312802774048006,1.9662212476029093,10.156755670369636,4750.0,0.03382533846292506,664.5722301586602,1144.8197577914852,2572.5862046583225,13,,0.4683215828813326,0.43551673790444445,0.6926296357887589,0.9204892966360856,0.7370030581039755,327,False,638.356698925135,7.001188586461026,2.6212668390738316,0.43551673790444445,0.9204892966360856,multiply_pulsed;irregular_f0,-6.541946621061957,-6.691369340371903,-17.74202485359855,53.137520490589395,41.67323136673684,85.48120720750947,6.756756756756757,0.6940870972666229,0.7630698877922224,0.03076928247676433
s01,B_natural,glide,data/calibration/s01_passB_natural_glide.wav,s01_passB_natural_glide.wav,2.6695416666666665,168.29727191182073,149.40297789357226,56.020918481155796,108.63555403651827,258.41131483238314,15.002074782642449,93.91616071904458,316.22743302193646,298,0.03194338415275159,0.007985846038187897,0.35,145.9196565182272,0.9837278586666026,0.0,0,0,90.03021148036254,,12.120374164273311,0.8956482024161199,6.169680956503799,0.5960980138419698,15.328716015533114,4000.0,0.05478501635341332,652.4792762654658,1266.969583114299,2469.338747200596,13,,0.0759021250378377,0.04986388249836087,0.160731543550214,0.03347280334728033,0.012552301255230125,239,False,108.63555403651827,0.8956482024161199,12.120374164273311,0.04986388249836087,0.03347280334728033,,nan,nan,nan,nan,nan,nan,nan,nan,nan,0.04100862469541859
s01,B_natural,roomtone,data/calibration/s01_passB_natural_roomtone.wav,s01_passB_natural_roomtone.wav,5.050395833333333,59.398370010133846,59.395792526582134,0.4618903215015431,59.33421648847803,59.47009147970541,0.039599828964972425,40.0,89.14300414893943,18,0.075,0.01875,0.35,59.37221827105566,0.2512259228222483,0.0,0,0,6.7669172932330826,anchor_unreliable;low_voicing;period_doubling_range_extended;period_doubling_present,0.24713157971672794,5.060847994461615,20.85668076807645,1.8054012852396046,3.7516605437730415,5250.0,0.04659102646076785,1124.6375718155564,2286.3684776159143,2925.1499621038934,13,,0.5299395039820958,0.5036161799795319,0.6702814469817572,1.0,1.0,78,False,59.33421648847803,5.060847994461615,0.24713157971672794,0.5036161799795319,1.0,multiply_pulsed;irregular_f0,nan,nan,nan,nan,nan,nan,nan,nan,nan,0.0007139383362441022
s01,B_natural,sustained_a,data/calibration/s01_passB_natural_sustained_a.wav,s01_passB_natural_sustained_a.wav,3.9865208333333335,146.78598709914212,146.69300110775248,1.5683789597980704,144.93310927843075,148.59260608654085,0.43170144398433774,109.46753259359465,221.29650588659337,574,0.05481077227049038,0.006851346533811298,0.35,146.6934202294314,0.9666242424002501,0.0,0,0,100.0,,17.98458751712165,0.3302798699996382,2.794681001507465,0.2538540229706076,18.934593354891536,5000.0,0.032742547217393655,563.4574121326762,1299.0668018166311,2593.9746784979866,12,,0.025394981443565005,0.02455394403230999,0.032849794075453326,0.0,0.0,392,False,144.93310927843075,0.3302798699996382,17.98458751712165,0.02455394403230999,0.0,,nan,nan,nan,nan,nan,nan,nan,nan,nan,0.0604804750563414
s01,C_creak,carrier,data/calibration/s01_passC_creak_carrier.wav,s01_passC_creak_carrier.wav,2.2662708333333335,109.29332715681078,110.71305822514195,18.06369348280802,87.22815144919068,130.41134366981296,6.962443736978429,57.96531446835233,189.54558847052945,60,0.05175508884089515,0.012938772210223787,0.35,110.69324446676593,0.9245496463233531,0.0,4,2,34.883720930232556,,6.042305742604438,2.2361093775313865,9.905184003617395,0.8634889542909467,7.034237725561016,5000.0,0.16358207074416606,631.2320111069134,1991.6024106766154,2741.5892784484777,13,,0.3144200379410823,0.20038181019276863,0.71951451090816,0.40789473684210525,0.2894736842105263,76,False,87.22815144919068,2.2361093775313865,6.042305742604438,0.20038181019276863,0.40789473684210525,,nan,nan,nan,nan,nan,nan,nan,nan,nan,0.04733621080598422
s01,C_creak,creak_cal,data/calibration/s01_passC_creak_creak_cal.wav,s01_passC_creak_creak_cal.wav,3.981895833333333,657.6752266575043,659.8931296434729,9.626145820149462,644.6837302191797,667.4167929867479,0.5999569438782634,40.0,750.0,203,0.15,0.01875,0.35,,0.0,0.0,0,0,99.02439024390245,no_anchor;period_doubling_unresolved;period_doubling_present,5.921261236389446,6.863573755290893,20.46237834536631,1.7771875855913346,7.991723720727726,4500.0,0.026949555048315005,657.9993798621537,1082.8847927733543,2611.202503349833,13,,0.4155480461832496,0.3707623168617626,0.6575837208600932,0.7698412698412699,0.5582010582010583,378,False,644.6837302191797,6.863573755290893,5.921261236389446,0.3707623168617626,0.7698412698412699,multiply_pulsed;irregular_f0,-2.6610094061764578,-3.2212441651030232,-5.368594041668967,57.6506643300962,40.51603038143689,130.01675482094262,34.92822966507177,0.6125814793381453,0.6702795494633422,0.03154237643677124
s01,C_creak,glide,data/calibration/s01_passC_creak_glide.wav,s01_passC_creak_glide.wav,3.428916666666667,152.1274881241535,133.55786220313607,57.762894712261485,94.28772475670637,261.05437245804404,17.630501495789645,57.19550454198425,313.92794390704887,229,0.10490334945110436,0.013112918681388044,0.35,135.9812752785382,0.8503586882646658,0.0,0,0,90.15748031496064,,10.828107753692782,1.3769478108975166,6.630869899798291,0.6659565867863388,13.714771460179666,4500.0,0.05494154619224432,647.2147254512706,1157.693110975569,2674.748731002406,13,,0.13683110055724634,0.07431420412763788,0.3413260158288996,0.1388888888888889,0.09876543209876543,324,False,94.28772475670637,1.3769478108975166,10.828107753692782,0.07431420412763788,0.1388888888888889,,nan,nan,nan,nan,nan,nan,nan,nan,nan,0.04211646512963434
s01,C_creak,roomtone,data/calibration/s01_passC_creak_roomtone.wav,s01_passC_creak_roomtone.wav,5.0283541666666665,59.06234278814789,59.371958786750376,4.162535910119275,53.757190125018134,66.27365612269328,3.623733360915915,40.0,96.86080839261074,55,0.15,0.01875,0.35,59.3388423313406,0.5608624789426349,0.0,6,3,21.0727969348659,heavy_repair;period_doubling_range_extended;period_doubling_present,1.738347576090394,7.986032136490881,20.95171754760725,1.8858769754007232,3.7558005334773066,5500.0,0.039637624002341186,1101.2380118236683,2248.741990648973,2900.2914109990406,13,,0.5554329314082428,0.5487753220188396,0.6934038630781036,1.0,0.987012987012987,154,False,53.757190125018134,7.986032136490881,1.738347576090394,0.5487753220188396,1.0,multiply_pulsed;irregular_f0,nan,nan,nan,nan,nan,nan,nan,nan,nan,0.0009169868207551076
s01,C_creak,sustained_a,data/calibration/s01_passC_creak_sustained_a.wav,s01_passC_creak_sustained_a.wav,4.178729166666667,129.94496909314245,129.975325105738,1.9639855063704679,128.29319099006534,131.8710394494411,0.476197945802871,96.7323371708619,196.47209121111274,535,0.03101341379461337,0.007753353448653343,0.35,129.9620924846916,0.9652749132243923,0.0,0,0,100.0,,18.080032643698136,0.35402350814421724,2.874564509059157,0.2586480731248454,18.22851726360784,3750.0,0.03321910521597184,662.6890950452677,1294.3266454075888,2487.899682196641,13,,0.033546344730932286,0.03269172996472912,0.0437082100446153,0.0,0.0,410,False,128.29319099006534,0.35402350814421724,18.080032643698136,0.03269172996472912,0.0,,nan,nan,nan,nan,nan,nan,nan,nan,nan,0.047824879005012325
s02,A_modal,carrier,data/calibration/s02_passA_modal_carrier.wav,s02_passA_modal_carrier.wav,2.1818541666666667,106.17308074908043,103.42044840164003,15.955020510329195,90.27682488606128,132.56095272532895,6.6507395131356635,52.26888697114753,174.71420034795432,74,0.11479104200768624,0.01434888025096078,0.35,103.22251014700575,0.8077359222470029,0.0,0,0,51.03448275862069,,6.319077034262128,3.027146149581393,15.807284422575929,1.2016016690482982,8.142767197678223,4750.0,0.20909529569855193,506.96617665076656,1470.9218371561697,2532.706242724075,13,,0.33307088417122105,0.3112683270053738,0.5876294494156747,0.5545454545454546,0.37272727272727274,110,False,90.27682488606128,3.027146149581393,6.319077034262128,0.3112683270053738,0.5545454545454546,multiply_pulsed;irregular_f0,nan,nan,nan,nan,nan,nan,nan,nan,nan,0.04752273371998526
s02,A_modal,creak_cal,data/calibration/s02_passA_modal_creak_cal.wav,s02_passA_modal_creak_cal.wav,5.080166666666667,632.5927965370186,631.8211160081305,5.512393261745367,626.8163598720098,640.825880499825,0.38267495137689456,40.0,750.0,263,0.15,0.01875,0.35,,0.0,0.0,0,0,100.0,no_anchor;period_doubling_unresolved,7.919180869403524,5.071707811974405,18.671232357243365,1.6540168606741759,9.853826805293508,4500.0,0.019317333374379398,629.2788176372374,1084.741012349612,2585.2241085471114,13,,0.3176239029948387,0.300623865700662,0.5390716270246985,0.5506072874493927,0.3684210526315789,494,False,626.8163598720098,5.071707811974405,7.919180869403524,0.300623865700662,0.5506072874493927,multiply_pulsed;irregular_f0,-12.4530901732136,-14.008788329625979,-9.286238380649667,126.44550417027695,47.50220671421962,127.58938488928217,65.91760299625469,0.6418972064505154,0.6564314421740648,0.05089539273303781
s02,A_modal,glide,data/calibration/s02_passA_modal_glide.wav,s02_passA_modal_glide.wav,3.761270833333333,153.14133837952738,138.2175236148971,56.4157016514772,92.1685902398422,247.29931948104505,17.086934164710108,58.719847771815836,372.5116444811835,287,0.1021801014082305,0.012772512676028813,0.8,139.37025023996196,0.9400228055120176,0.006993006993006993,6,3,100.0,,15.95016656323186,0.599022555742552,4.940587411528442,0.4884236524369056,16.356496625457094,5000.0,0.04210188327510216,593.9306575323712,1282.18094312138,2579.6511662616285,13,,0.07740199507060677,0.04988424092602551,0.16508920235365315,0.03333333333333333,0.027777777777777776,360,False,92.1685902398422,0.599022555742552,15.95016656323186,0.04988424092602551,0.03333333333333333,,nan,nan,nan,nan,nan,nan,nan,nan,nan,0.040299882061539304
s02,A_modal,roomtone,data/calibration/s02_passA_modal_roomtone.wav,s02_passA_modal_roomtone.wav,5.028333333333333,52.78740339818871,51.97890931953021,5.894293188100743,45.957225692530656,61.21062965053841,4.961885993711434,40.0,84.37292830887733,207,0.15,0.01875,0.35,55.581972096455814,0.5585038109956353,0.009708737864077669,0,0,79.3103448275862,period_doubling_range_extended;period_doubling_present,5.389328221108274,8.753226980126234,17.639813551723112,1.80653793998274,3.3902711359620246,4250.0,0.1634257975459623,1003.7736257607546,1667.8717987400414,2798.3622926515545,6,,0.6700624257494681,0.6667826034882356,0.8947801016052468,1.0,0.989501312335958,381,False,45.957225692530656,8.753226980126234,5.389328221108274,0.6667826034882356,1.0,multiply_pulsed;irregular_f0,nan,nan,nan,nan,nan,nan,nan,nan,nan,0.0012067132817110298
s02,A_modal,sustained_a,data/calibration/s02_passA_modal_sustained_a.wav,s02_passA_modal_sustained_a.wav,5.058458333333333,122.6054974614822,122.72818030382878,1.5701667479605228,120.61161474147046,124.49230728126062,0.5482530409163744,91.33316089193568,185.3645580735865,609,0.06569355468928892,0.008211694336161115,0.35,122.7354105920746,0.9699726860498608,0.0,0,0,100.0,,17.474037344836763,0.34053294888572494,3.7912485190663774,0.35129632880109113,18.007261435310635,5000.0,0.01328448968287779,595.6841145261795,1233.0874379557602,2562.3561450819625,13,,0.04283574595725317,0.03977720661370696,0.06449191243102585,0.0,0.0,497,False,120.61161474147046,0.34053294888572494,17.474037344836763,0.03977720661370696,0.0,,nan,nan,nan,nan,nan,nan,nan,nan,nan,0.035283775814722904
s02,B_natural,carrier,data/calibration/s02_passB_natural_carrier.wav,s02_passB_natural_carrier.wav,2.7121458333333335,116.16566671169019,111.64127283711687,20.855877613684786,91.62061855522369,153.50939075656277,8.934992465379157,77.67439271787123,290.89125853979124,98,0.03862276736294024,0.00965569184073506,0.35,111.75411305380712,0.5174411004124646,0.0,0,0,35.37906137184115,,8.002943202949988,3.2640053313323016,15.124288981548464,1.3865689293043695,7.289266736486042,5250.0,0.20198534719509198,626.903024343382,2159.350285251623,2732.8466563040083,13,,0.31078274790812394,0.22505337732939693,0.6718200254545311,0.38144329896907214,0.29896907216494845,97,False,91.62061855522369,3.2640053313323016,8.002943202949988,0.22505337732939693,0.38144329896907214,irregular_f0,nan,nan,nan,nan,nan,nan,nan,nan,nan,0.03231953795087665
s02,B_natural,creak_cal,data/calibration/s02_passB_natural_creak_cal.wav,s02_passB_natural_creak_cal.wav,5.0928125,646.2373035912182,646.9321925640977,8.081675167881178,636.2095936753979,654.7128148440912,0.4963210841924094,40.0,750.0,267,0.075,0.01875,0.35,,0.0,0.0,0,0,99.6268656716418,no_anchor;period_doubling_unresolved;period_doubling_present,6.0304355546476245,6.940276508323655,22.35997612907761,1.8140853416377594,11.157028421256491,4500.0,0.011955108731764206,663.3513609978115,1116.5239077024098,2624.6323710981196,13,,0.42455201207718,0.3929973239433791,0.5486530865714424,0.9617706237424547,0.738430583501006,497,False,636.2095936753979,6.940276508323655,6.0304355546476245,0.3929973239433791,0.9617706237424547,multiply_pulsed;irregular_f0,-7.285441701428262,-7.841544491456627,-2.491177355531292,51.89309458772608,43.44626672287029,61.724911271922714,29.850746268656717,0.566249289146809,0.5982716887541961,0.057908485521164316
s02,B_natural,glide,data/calibration/s02_passB_natural_glide.wav,s02_passB_natural_glide.wav,3.1038958333333335,194.505010123993,167.32293360549392,76.27361677444456,109.79760952854846,320.18436350888976,18.52867451260731,94.89609370492582,379.6346189694781,386,0.03161352467603498,0.007903381169008745,0.35,162.64908640435073,0.3690905278582659,0.007792207792207792,0,0,99.22879177377892,anchor_unreliable,19.04436276216316,1.626499085328464,6.576386980595548,0.6369148434649087,17.06557715064672,5000.0,0.02440479745274377,628.3930180300906,1209.0681067736048,2676.816031845916,13,,0.11965615589763057,0.04709313074569764,0.4314789739001928,0.14950166112956811,0.11960132890365449,301,False,109.79760952854846,1.626499085328464,19.04436276216316,0.04709313074569764,0.14950166112956811,,nan,nan,nan,nan,nan,nan,nan,nan,nan,0.09542519568024045
s02,B_natural,roomtone,data/calibration/s02_passB_natural_roomtone.wav,s02_passB_natural_roomtone.wav,5.003708333333333,59.0037830459506,58.78432160744662,7.062479161070921,50.86468313030288,66.57633146047085,4.660140942949312,40.0,140.06951256080202,135,0.15,0.01875,0.8,59.747569876439904,0.5519810710023985,0.014925373134328358,1,1,52.12355212355212,period_doubling_range_extended;period_doubling_present,2.267608983438043,9.261900809344334,22.766717722608814,1.7338239070467756,3.9174150955687663,4750.0,0.15471906613909214,1160.1338170642248,2202.780122053872,3173.796292089773,6,,0.7550726654996236,0.7450588742328811,1.0195816257984003,1.0,0.9847094801223242,327,False,50.86468313030288,9.261900809344334,2.267608983438043,0.7450588742328811,1.0,multiply_pulsed;irregular_f0,nan,nan,nan,nan,nan,nan,nan,nan,nan,0.0014147472378475128
s02,B_natural,sustained_a,data/calibration/s02_passB_natural_sustained_a.wav,s02_passB_natural_sustained_a.wav,4.053145833333334,150.37066100104894,150.1441971792289,2.0467541295764793,148.26361621092093,152.68102028367144,0.508273530973111,111.83703863349734,227.2751182925584,601,0.026824744616417644,0.006706186154104411,0.35,150.13733232359306,0.9801870621996883,0.0,0,0,100.0,,21.968351053165115,0.2769792997045234,2.7554955063213864,0.2757641215540403,19.659293597896184,5250.0,0.013110033790352284,575.3854471119906,1241.4129412212528,2617.040314971381,13,,0.0271217349825469,0.025281701642432847,0.03708079341756287,0.0,0.0,398,False,148.26361621092093,0.2769792997045234,21.968351053165115,0.025281701642432847,0.0,,nan,nan,nan,nan,nan,nan,nan,nan,nan,0.07869506573873564
s02,C_creak,carrier,data/calibration/s02_passC_creak_carrier.wav,s02_passC_creak_carrier.wav,3.3901666666666666,155.84853914927868,129.42908726978948,60.371564510415226,103.09284401708149,282.9093751626085,17.476749500694574,40.0,295.72415840791575,42,0.15,0.01875,0.8,128.92725266868177,0.0,0.0975609756097561,2,0,24.277456647398843,anchor_unreliable;jumpy;period_doubling_range_extended;period_doubling_present,4.18265768515398,5.584824055032539,16.09493667393116,1.4614169776267034,6.283751160206092,4000.0,0.2026755754051537,630.0267779681271,1491.6536114006794,2466.4738845844295,12,,0.36854903415705986,0.34097419863591183,0.7448003086098489,0.5824175824175825,0.4725274725274725,91,False,103.09284401708149,5.584824055032539,4.18265768515398,0.34097419863591183,0.5824175824175825,multiply_pulsed;irregular_f0,nan,nan,nan,nan,nan,nan,nan,nan,nan,0.047278940094913104
s02,C_creak,creak_cal,data/calibration/s02_passC_creak_creak_cal.wav,s02_passC_creak_creak_cal.wav,4.254145833333333,647.9725126593505,647.3495269914241,6.1910343923676425,640.8044586516897,655.5326909267076,0.39340250954153066,40.0,750.0,223,0.075,0.01875,0.35,,0.0,0.0,0,0,100.0,no_anchor;period_doubling_unresolved,7.109346319843307,5.271604005366793,21.802175296708146,1.878793713051433,11.752850805405433,4500.0,0.012916568207956142,673.7057311022963,1208.3746193759964,2632.0841485332376,13,,0.2972601120316138,0.27519345432161607,0.4005153591181286,0.47255369928400953,0.18615751789976134,419,False,640.8044586516897,5.271604005366793,7.109346319843307,0.27519345432161607,0.47255369928400953,irregular_f0,4.209446867416389,3.978716158337246,-7.701900123730482,47.47552320582901,40.828948773365475,55.61346323615428,58.29596412556054,0.522977641001519,0.6368407644813365,0.047749266480262766
s02,C_creak,glide,data/calibration/s02_passC_creak_glide.wav,s02_passC_creak_glide.wav,2.7285625,179.75047393813884,168.66499285633125,55.02524545132809,117.74714911958145,258.69613388163117,13.62679636492142,70.22826453625021,331.5043364803845,252,0.04271784330440729,0.010679460826101822,0.35,165.40418797093338,0.7157544828157671,0.00398406374501992,8,5,100.0,,19.5252581606918,0.4889725344710976,3.5347997638937145,0.4059760135921182,19.604206542538645,5000.0,0.030039843238835046,637.2386838296184,1203.5884949868591,2604.0278629823197,13,,0.056902650946584456,0.03526842871627679,0.07328446571988954,0.03007518796992481,0.022556390977443608,266,False,117.74714911958145,0.4889725344710976,19.5252581606918,0.03526842871627679,0.03007518796992481,,nan,nan,nan,nan,nan,nan,nan,nan,nan,0.10483244781470935
s02,C_creak,roomtone,data/calibration/s02_passC_creak_roomtone.wav,s02_passC_creak_roomtone.wav,5.0036875,51.935092990092336,50.91449968497736,6.702444626492734,45.007193713155054,60.65366354691229,5.16527010789844,40.0,84.43271842240799,164,0.15,0.01875,0.35,61.06297659811426,0.3551813957538301,0.03680981595092025,0,0,63.32046332046332,anchor_unreliable;period_doubling_range_extended;period_doubling_present,5.239251394504355,10.665949335785868,26.034820637205602,2.1380512642443614,3.5180822254939312,5250.0,0.14025027261210032,1190.8819760537453,2349.832739501118,3327.725446833877,8,,0.728661712923113,0.7176664585272157,0.9264239197441024,1.0,1.0,336,False,45.007193713155054,10.665949335785868,5.239251394504355,0.7176664585272157,1.0,multiply_pulsed;irregular_f0,nan,nan,nan,nan,nan,nan,nan,nan,nan,0.0009559814583217062
s02,C_creak,sustained_a,data/calibration/s02_passC_creak_sustained_a.wav,s02_passC_creak_sustained_a.wav,3.9916666666666667,155.7670650606081,155.56400943976598,1.5656976074081879,154.20609788919876,157.71848084361608,0.389902842085724,87.01922592307247,234.92050701808773,456,0.06895028008298046,0.008618785010372557,0.35,155.56687562494577,0.9693454088132948,0.0,0,0,100.0,,23.923665390809095,0.2203918683077732,2.101616928744508,0.20312399362345845,21.00146605909887,5250.0,0.018569845178382557,615.4735914797532,1251.2593860416828,2552.8826876899793,13,,0.02416205410888438,0.023420555472695954,0.03194320158224054,0.0,0.0,392,False,154.20609788919876,0.2203918683077732,23.923665390809095,0.023420555472695954,0.0,,nan,nan,nan,nan,nan,nan,nan,nan,nan,0.13023663468934898
